{
  "n_clusters": 20,
  "silhouette_score": 0.17142440378665924,
  "davies_bouldin_score": 2.604632019547328,
  "cluster_sizes": {
    "0": 119,
    "1": 641,
    "2": 862,
    "3": 97,
    "4": 254,
    "5": 165,
    "6": 228,
    "7": 71,
    "8": 123,
    "9": 106,
    "10": 132,
    "11": 100,
    "12": 154,
    "13": 330,
    "14": 66,
    "15": 171,
    "16": 342,
    "17": 271,
    "18": 88,
    "19": 376
  },
  "created_at": "2026-01-07 18:58:41"
}