{
  "k": 50,
  "linkage": "average",
  "silhouette_score": 0.18191766738891602,
  "davies_bouldin_score": 2.150003232560141,
  "cluster_sizes": {
    "0": 948,
    "1": 287,
    "2": 119,
    "3": 26,
    "4": 114,
    "5": 170,
    "6": 7,
    "7": 117,
    "8": 44,
    "9": 109,
    "10": 64,
    "11": 118,
    "12": 4,
    "13": 106,
    "14": 89,
    "15": 2,
    "16": 6,
    "17": 76,
    "18": 2,
    "19": 98,
    "20": 42,
    "21": 8,
    "22": 71,
    "23": 7,
    "24": 2,
    "25": 123,
    "26": 92,
    "27": 109,
    "28": 3,
    "29": 131,
    "30": 42,
    "31": 1,
    "32": 89,
    "33": 1,
    "34": 3,
    "35": 1,
    "36": 66,
    "37": 92,
    "38": 98,
    "39": 1,
    "40": 40,
    "41": 100,
    "42": 3,
    "43": 2,
    "44": 59,
    "45": 134,
    "46": 2,
    "47": 862,
    "48": 2,
    "49": 4
  },
  "sample_size": 4696,
  "created_at": "2026-01-07 18:59:06"
}