{
  "precision@1": 0.8805366269165247,
  "precision@5": 0.9848807495741057,
  "precision@10": 0.9931856899488927,
  "precision@20": 0.9963798977853492
}